,#,Who,=,A1,A2,A3,A4,A5,B1,B2,B3,B4,B5,B6,B7,C01,C02,C03,C04,C05,C06,C07,C08,C09,C10,C11,C12,C13,C14,E3,Z1,Z2
0,1,44153054QuanVM,2400,100,100,100,100,100,100,100,100,100,100,100,100,100,100,100,100,100,100,100,100,100,0,0,0,0,0,100,100,100
1,2,08176872thanhdt,2390,100,100,100,100,100,100,100,100,100,100,100,100,100,100,100,100,100,100,100,90,100,0,0,0,0,0,100,100,100
2,3,63170223UyenT,2290,100,100,100,100,100,100,100,100,100,100,100,100,100,100,100,100,100,0,100,90,100,0,0,0,0,0,100,100,100
3,3,63170067GiangTN,2290,100,100,100,100,100,100,100,100,100,100,100,100,100,100,100,100,100,100,100,90,100,0,0,0,0,0,100,100,0
4,3,63170072HieuDV,2290,100,100,100,100,100,100,100,100,100,100,100,100,100,100,100,100,100,100,100,90,100,0,0,0,0,0,100,100,0
5,6,08173554MinhNQ,2155,100,100,100,100,100,100,100,100,100,100,100,100,100,100,100,100,100,100,100,90,0,0,0,0,0,0,65,100,0
6,7,45183735Hien.VQ,2115,100,100,100,100,100,100,100,100,100,75,100,100,100,100,100,100,100,40,0,100,100,0,0,0,0,0,100,100,0
7,8,63170084KhiemPM,2090,100,100,100,100,100,100,100,100,100,100,100,100,100,100,100,100,60,40,100,90,100,0,0,0,0,0,0,100,0
8,9,44150747DuongLM,2000,100,100,100,100,100,100,100,100,100,100,100,100,100,100,100,100,100,100,100,0,0,0,0,0,0,0,100,0,0
9,10,44170063DuyTM,1910,100,100,100,100,100,100,100,100,100,100,100,100,100,100,0,100,100,0,0,90,100,0,0,0,0,0,95,25,0
10,11,43145315VuNT,1901,100,100,100,100,100,100,100,40,100,75,100,100,100,100,100,100,100,0,0,90,96,0,0,0,0,0,100,0,0
11,12,45164814DuyNC,1823,100,100,100,100,100,100,100,100,100,100,100,100,100,0,0,100,100,0,0,100,100,0,28,0,0,0,95,0,0
12,13,63170111SanDL,1785,100,100,100,100,100,100,100,100,100,100,0,100,100,100,0,100,0,0,0,90,100,0,0,0,0,0,95,100,0
13,14,63170049DacDD,1700,100,100,100,100,100,100,100,100,100,0,0,0,100,100,100,100,100,0,0,0,0,0,0,0,0,0,100,100,100
14,14,63170082khanh.nhq.,1700,100,100,100,100,100,100,100,100,100,0,100,0,100,100,100,100,100,100,100,0,0,0,0,0,0,0,0,0,0
15,16,44173465VietNHA,1685,100,100,100,100,100,100,100,100,100,95,100,0,100,0,0,100,0,0,0,90,100,0,0,0,0,0,100,100,0
16,17,43152388ManhDT,1681,100,100,100,100,100,100,100,100,100,95,0,100,100,100,40,0,60,0,0,90,36,0,0,0,0,0,60,100,0
17,18,63170088KienPT,1640,100,100,100,100,100,100,45,0,100,0,0,0,100,100,100,95,100,100,100,0,0,0,0,0,0,0,100,100,0
18,19,63173240LoiLV,1610,100,100,100,100,100,100,100,100,100,0,100,20,100,100,0,100,0,0,0,90,100,0,0,0,0,0,100,0,0
19,20,43172987CuongLV,1587,100,100,100,100,100,100,100,35,100,50,0,0,100,100,100,0,0,100,100,90,12,0,0,0,0,0,100,0,0
20,21,45161042DinhNH,1580,100,100,100,100,100,100,100,100,100,100,100,20,100,100,100,100,60,0,0,0,0,0,0,0,0,0,0,0,0
21,22,08176779HungND,1565,100,100,100,100,100,100,100,100,100,0,0,0,100,100,100,0,0,100,100,90,0,0,0,0,0,0,0,75,0
22,23,44170121TuanBM,1560,100,100,100,100,100,100,100,0,100,100,100,100,100,100,100,100,0,0,0,0,0,0,0,0,0,0,60,0,0
23,24,44173365ThangTV,1500,100,100,100,100,100,100,100,45,100,95,25,100,100,100,0,100,60,0,0,0,0,0,0,0,0,0,0,75,0
24,25,63173284NghiaVT,1425,100,100,100,100,100,100,100,5,100,0,100,100,100,100,20,100,0,0,0,0,100,0,0,0,0,0,0,0,0
25,25,63170112TanHM,1425,100,100,100,100,100,100,100,100,100,75,100,100,100,0,0,100,0,0,0,0,0,0,0,0,0,0,50,0,0
26,27,63170100NamDVH,1405,100,100,100,100,100,100,100,5,100,0,0,0,100,100,100,100,100,0,0,0,0,0,0,0,0,0,0,100,0
27,28,43154247TungNAT,1400,100,100,100,100,100,100,100,35,100,50,50,100,100,100,0,100,65,0,0,0,0,0,0,0,0,0,0,0,0
28,29,43153957TrungDD,1390,100,100,100,100,100,100,0,0,100,75,25,100,100,100,100,0,0,0,0,90,100,0,0,0,0,0,0,0,0
29,30,63170044ChucNV,1375,100,100,100,100,100,100,100,100,100,100,0,0,100,100,0,100,0,0,0,0,0,0,0,0,0,0,0,75,0
30,31,74163983ThuyTH,1355,100,100,100,100,100,100,100,0,100,50,25,100,20,0,0,100,5,20,0,90,100,0,0,0,0,0,45,0,0
31,32,08176845phucnm,1315,100,100,100,100,100,100,100,55,100,0,0,0,100,100,100,0,60,100,0,0,0,0,0,0,0,0,0,0,0
32,33,63170105PhucNT,1305,100,100,100,100,100,100,100,0,100,0,25,0,100,100,100,100,80,0,0,0,0,0,0,0,0,0,0,0,0
33,34,43173485AnhNV,1304,100,100,100,100,100,100,100,55,100,75,0,100,100,100,0,50,5,0,0,15,4,0,0,0,0,0,0,0,0
34,35,63170219NamCP,1285,100,100,100,100,100,100,100,30,100,0,0,0,100,100,0,100,10,0,0,100,0,0,0,0,0,0,45,0,0
35,36,45160370BinhNN11,1255,100,100,100,100,100,100,100,100,100,0,0,0,100,100,0,100,55,0,0,0,0,0,0,0,0,0,0,0,0
36,37,43160623DieuTV,1250,100,100,100,100,100,100,0,0,100,50,0,100,100,100,100,100,0,0,0,0,0,0,0,0,0,0,0,0,0
37,38,08176732duongtt,1240,100,100,100,100,100,100,0,10,100,0,0,100,100,100,100,0,30,100,0,0,0,0,0,0,0,0,0,0,0
38,39,44183503DungDM,1210,100,100,100,100,100,100,100,55,100,75,0,0,0,0,0,100,60,0,0,0,0,0,0,0,0,0,45,75,0
39,40,74161996Hungvt,1201,100,100,100,100,100,100,100,100,100,75,100,0,0,0,0,0,0,0,0,90,36,0,0,0,0,0,0,0,0
40,1,44153054QuanVM,2400,100,100,100,100,100,100,100,100,100,100,100,100,100,100,100,100,100,100,100,100,100,0,0,0,0,0,100,100,100
41,2,08176872thanhdt,2390,100,100,100,100,100,100,100,100,100,100,100,100,100,100,100,100,100,100,100,90,100,0,0,0,0,0,100,100,100
42,3,63170223UyenT,2290,100,100,100,100,100,100,100,100,100,100,100,100,100,100,100,100,100,0,100,90,100,0,0,0,0,0,100,100,100
43,3,63170067GiangTN,2290,100,100,100,100,100,100,100,100,100,100,100,100,100,100,100,100,100,100,100,90,100,0,0,0,0,0,100,100,0
44,3,63170072HieuDV,2290,100,100,100,100,100,100,100,100,100,100,100,100,100,100,100,100,100,100,100,90,100,0,0,0,0,0,100,100,0
45,6,08173554MinhNQ,2155,100,100,100,100,100,100,100,100,100,100,100,100,100,100,100,100,100,100,100,90,0,0,0,0,0,0,65,100,0
46,7,45183735Hien.VQ,2115,100,100,100,100,100,100,100,100,100,75,100,100,100,100,100,100,100,40,0,100,100,0,0,0,0,0,100,100,0
47,8,63170084KhiemPM,2090,100,100,100,100,100,100,100,100,100,100,100,100,100,100,100,100,60,40,100,90,100,0,0,0,0,0,0,100,0
48,9,44150747DuongLM,2000,100,100,100,100,100,100,100,100,100,100,100,100,100,100,100,100,100,100,100,0,0,0,0,0,0,0,100,0,0
49,10,44170063DuyTM,1910,100,100,100,100,100,100,100,100,100,100,100,100,100,100,0,100,100,0,0,90,100,0,0,0,0,0,95,25,0
50,11,43145315VuNT,1901,100,100,100,100,100,100,100,40,100,75,100,100,100,100,100,100,100,0,0,90,96,0,0,0,0,0,100,0,0
51,12,45164814DuyNC,1823,100,100,100,100,100,100,100,100,100,100,100,100,100,0,0,100,100,0,0,100,100,0,28,0,0,0,95,0,0
52,13,63170111SanDL,1785,100,100,100,100,100,100,100,100,100,100,0,100,100,100,0,100,0,0,0,90,100,0,0,0,0,0,95,100,0
53,14,63170049DacDD,1700,100,100,100,100,100,100,100,100,100,0,0,0,100,100,100,100,100,0,0,0,0,0,0,0,0,0,100,100,100
54,14,63170082khanh.nhq.,1700,100,100,100,100,100,100,100,100,100,0,100,0,100,100,100,100,100,100,100,0,0,0,0,0,0,0,0,0,0
55,16,44173465VietNHA,1685,100,100,100,100,100,100,100,100,100,95,100,0,100,0,0,100,0,0,0,90,100,0,0,0,0,0,100,100,0
56,17,43152388ManhDT,1681,100,100,100,100,100,100,100,100,100,95,0,100,100,100,40,0,60,0,0,90,36,0,0,0,0,0,60,100,0
57,18,63170088KienPT,1640,100,100,100,100,100,100,45,0,100,0,0,0,100,100,100,95,100,100,100,0,0,0,0,0,0,0,100,100,0
58,19,63173240LoiLV,1610,100,100,100,100,100,100,100,100,100,0,100,20,100,100,0,100,0,0,0,90,100,0,0,0,0,0,100,0,0
59,20,43172987CuongLV,1587,100,100,100,100,100,100,100,35,100,50,0,0,100,100,100,0,0,100,100,90,12,0,0,0,0,0,100,0,0
60,41,74164777HungTH,1200,100,100,100,100,100,100,0,100,100,100,0,0,100,100,100,0,0,0,0,0,0,0,0,0,0,0,0,0,0
61,42,43173238LocNQ,1195,100,100,100,100,100,100,100,55,100,75,0,0,100,100,0,0,0,0,0,65,0,0,0,0,0,0,0,0,0
62,43,43164039TiemNV,1155,100,100,100,100,100,100,100,0,100,50,0,0,100,100,100,0,5,0,0,0,0,0,0,0,0,0,0,0,0
63,43,44184005TuanNB,1155,100,100,100,100,100,45,100,35,100,20,0,100,60,0,0,0,5,0,0,90,100,0,0,0,0,0,0,0,0
64,45,44183612QuanNV,1110,100,100,100,100,100,100,100,55,100,100,0,100,0,0,0,0,55,0,0,0,0,0,0,0,0,0,0,0,0
65,46,08176808longt,1105,100,100,100,100,0,0,100,10,0,0,0,0,100,100,100,95,0,100,100,0,0,0,0,0,0,0,0,0,0
66,47,43163343QuanDA,1100,100,100,100,100,100,100,100,0,100,0,0,0,100,100,100,0,0,0,0,0,0,0,0,0,0,0,0,0,0
67,48,45166810ThuanNV,1075,100,100,100,100,100,100,100,5,100,0,0,0,0,0,0,100,60,0,20,90,0,0,0,0,0,0,0,0,0
68,49,44183668VietPQ,1035,100,100,100,100,100,100,100,55,100,75,0,0,0,0,0,100,5,0,0,0,0,0,0,0,0,0,0,0,0
69,50,63172982ChungVX,1025,100,100,100,100,100,100,100,5,100,0,0,0,20,0,0,90,100,0,0,0,0,0,0,0,0,0,10,0,0
70,51,63170104NhiVD,1015,100,100,100,100,100,100,0,40,100,0,0,0,0,0,0,100,80,0,0,0,0,0,0,0,0,0,95,0,0
71,52,63170116ThaoNP,995,100,100,100,100,100,100,100,5,100,0,0,0,0,0,0,90,100,0,0,0,0,0,0,0,0,0,0,0,0
72,53,08176905vangtt,975,60,100,100,20,100,100,0,15,0,0,0,0,100,100,100,100,0,80,0,0,0,0,0,0,0,0,0,0,0
73,53,43151915HuongBP,975,80,100,100,100,100,100,0,0,100,75,0,0,100,100,20,0,0,0,0,0,0,0,0,0,0,0,0,0,0
74,55,45151214HaiPV,965,100,100,100,100,100,100,100,0,100,75,0,0,0,0,0,30,60,0,0,0,0,0,0,0,0,0,0,0,0
75,56,43152414ManhTB,930,100,100,100,100,100,100,100,35,100,75,0,0,20,0,0,0,0,0,0,0,0,0,0,0,0,0,0,0,0
76,56,43177021Quyetnd,930,80,100,100,100,80,100,0,35,100,50,0,0,100,80,0,0,5,0,0,0,0,0,0,0,0,0,0,0,0
77,58,45166531NgocVT,917,100,100,100,100,100,100,100,55,100,0,0,0,0,0,0,0,30,0,0,0,32,0,0,0,0,0,0,0,0
78,59,44173006DatNH,910,100,100,100,100,100,100,100,35,100,75,0,0,0,0,0,0,0,0,0,0,0,0,0,0,0,0,0,0,0
79,60,63173265NamLT,905,100,100,100,100,100,100,100,5,100,100,0,0,0,0,0,0,0,0,0,0,0,0,0,0,0,0,0,0,0
80,60,63170043ChuanTrH,905,100,100,100,100,100,100,0,5,100,0,100,0,0,0,0,0,0,0,0,0,0,0,0,0,0,0,100,0,0
81,62,08176765hoangvm,900,100,100,100,100,100,0,0,0,0,0,0,0,100,100,100,0,0,100,0,0,0,0,0,0,0,0,0,0,0
82,62,08176677annt,900,100,100,100,100,100,0,0,0,0,0,0,0,100,100,100,0,0,100,0,0,0,0,0,0,0,0,0,0,0
83,64,44183514DuyNV,890,100,100,100,100,100,100,100,0,100,0,0,0,0,0,0,0,0,0,0,90,0,0,0,0,0,0,0,0,0
84,65,28164842ThienVH,885,100,100,100,100,100,100,50,0,100,75,0,0,60,0,0,0,0,0,0,0,0,0,0,0,0,0,0,0,0
85,66,6320170106PhuongNM,880,80,100,100,100,100,100,0,0,100,0,0,0,100,100,0,0,0,0,0,0,0,0,0,0,0,0,0,0,0
86,66,43163506SonDN,880,100,100,100,100,100,100,0,0,100,0,0,0,80,100,0,0,0,0,0,0,0,0,0,0,0,0,0,0,0
87,66,44173350SonMNT,880,100,50,100,100,100,100,100,55,100,75,0,0,0,0,0,0,0,0,0,0,0,0,0,0,0,0,0,0,0
88,69,43152737NguyenPV,875,100,100,100,100,0,100,0,0,100,75,0,0,100,100,0,0,0,0,0,0,0,0,0,0,0,0,0,0,0
89,70,63170080HuyNV,860,100,100,100,100,100,100,0,0,100,0,0,0,60,0,0,0,0,0,0,0,100,0,0,0,0,0,0,0,0
90,71,74163905ThoaiBX,855,100,100,100,100,100,100,100,55,100,0,0,0,0,0,0,0,0,0,0,0,0,0,0,0,0,0,0,0,0
91,72,44150631DuyPV,840,100,100,100,100,0,100,100,65,100,75,0,0,0,0,0,0,0,0,0,0,0,0,0,0,0,0,0,0,0
92,73,63170051DaoTV,830,100,100,100,100,100,100,100,0,100,30,0,0,0,0,0,0,0,0,0,0,0,0,0,0,0,0,0,0,0
93,73,43152379MaiTTN,830,80,100,100,100,100,100,50,0,100,0,0,0,100,0,0,0,0,0,0,0,0,0,0,0,0,0,0,0,0
94,73,45165819ChuongDV1,830,100,100,100,100,100,100,100,0,100,0,0,0,0,0,0,0,30,0,0,0,0,0,0,0,0,0,0,0,0
95,76,43167030VuongNQ,820,60,100,100,100,100,100,100,0,100,0,0,0,60,0,0,0,0,0,0,0,0,0,0,0,0,0,0,0,0
96,77,63170098MinhNN,805,100,100,100,100,100,100,100,0,100,0,0,0,0,0,0,0,5,0,0,0,0,0,0,0,0,0,0,0,0
97,78,63170103NhaNT,800,100,100,100,100,100,100,100,0,100,0,0,0,0,0,0,0,0,0,0,0,0,0,0,0,0,0,0,0,0
98,79,43153292TamNV,785,60,100,100,100,100,100,0,0,5,0,0,0,100,100,20,0,0,0,0,0,0,0,0,0,0,0,0,0,0
99,79,63173300PhongPT,785,100,100,100,100,100,100,20,40,100,0,0,0,20,0,0,0,5,0,0,0,0,0,0,0,0,0,0,0,0
100,81,43150211AnhBTN,780,80,100,100,100,100,100,0,0,100,0,0,0,100,0,0,0,0,0,0,0,0,0,0,0,0,0,0,0,0
101,81,43173333QuyenTT,780,80,100,100,100,80,100,0,0,100,0,0,0,100,20,0,0,0,0,0,0,0,0,0,0,0,0,0,0,0
102,83,28164843TuNA,775,100,100,100,100,100,100,0,0,100,75,0,0,0,0,0,0,0,0,0,0,0,0,0,0,0,0,0,0,0
103,83,43154077TuanDA,775,100,100,100,100,0,100,0,0,100,75,0,0,100,0,0,0,0,0,0,0,0,0,0,0,0,0,0,0,0
104,85,08176679anhnth,760,60,100,100,0,0,0,0,0,100,0,0,0,100,100,100,0,0,100,0,0,0,0,0,0,0,0,0,0,0
105,85,43151106GiangPTH,760,80,100,100,100,100,100,0,0,100,0,0,0,80,0,0,0,0,0,0,0,0,0,0,0,0,0,0,0,0
106,87,74162596LuongTX,755,80,100,100,100,100,100,50,0,0,0,0,0,40,0,0,0,0,0,0,0,0,0,0,0,0,0,85,0,0
107,88,74179659HaiNM,740,100,100,100,100,100,100,100,40,0,0,0,0,0,0,0,0,0,0,0,0,0,0,0,0,0,0,0,0,0
108,88,43161318HaiNX,740,80,100,100,100,100,100,0,0,100,0,0,0,60,0,0,0,0,0,0,0,0,0,0,0,0,0,0,0,0
109,90,08176761hoangbt,720,100,100,100,20,0,0,0,0,0,0,0,0,100,100,100,0,0,100,0,0,0,0,0,0,0,0,0,0,0
110,90,44152644NghiaDV,720,100,100,100,0,0,100,100,0,100,95,0,0,0,0,0,25,0,0,0,0,0,0,0,0,0,0,0,0,0
111,92,63173347SonDH,705,100,100,100,100,100,100,100,5,0,0,0,0,0,0,0,0,0,0,0,0,0,0,0,0,0,0,0,0,0
112,92,45144662TrinhND,705,100,100,100,100,100,100,40,0,60,0,0,0,0,0,0,0,5,0,0,0,0,0,0,0,0,0,0,0,0
113,94,28164107trangnh,700,100,100,100,100,100,100,0,0,100,0,0,0,0,0,0,0,0,0,0,0,0,0,0,0,0,0,0,0,0
114,94,44184240DanGC,700,100,100,100,100,100,100,0,0,100,0,0,0,0,0,0,0,0,0,0,0,0,0,0,0,0,0,0,0,0
115,94,43166668SonHT,700,80,100,100,20,100,100,0,0,100,0,0,0,100,0,0,0,0,0,0,0,0,0,0,0,0,0,0,0,0
116,94,43151334HieuND,700,60,100,100,100,100,40,0,0,100,0,0,0,100,0,0,0,0,0,0,0,0,0,0,0,0,0,0,0,0
117,94,44151845HungHV,700,100,100,100,100,100,100,0,0,100,0,0,0,0,0,0,0,0,0,0,0,0,0,0,0,0,0,0,0,0
118,99,08150853datnt,685,100,100,0,0,0,45,100,35,5,0,0,0,100,100,0,0,0,100,0,0,0,0,0,0,0,0,0,0,0
119,100,43161309HaiNT,680,80,100,100,100,0,100,0,0,100,0,0,0,100,0,0,0,0,0,0,0,0,0,0,0,0,0,0,0,0
120,101,43172936anhndq,660,80,100,100,100,80,100,0,0,100,0,0,0,0,0,0,0,0,0,0,0,0,0,0,0,0,0,0,0,0
121,101,08176727dungvt,660,100,0,100,0,0,0,0,0,0,0,0,0,100,100,100,0,0,100,60,0,0,0,0,0,0,0,0,0,0
122,101,43151471hoannc,660,60,0,100,100,100,100,0,0,100,0,0,0,100,0,0,0,0,0,0,0,0,0,0,0,0,0,0,0,0
123,104,63170035AnhMDQ,640,80,100,100,100,0,100,0,0,100,0,0,0,60,0,0,0,0,0,0,0,0,0,0,0,0,0,0,0,0
124,104,63173386ThinhNN,640,100,100,100,100,0,100,40,0,100,0,0,0,0,0,0,0,0,0,0,0,0,0,0,0,0,0,0,0,0
125,104,43163209PhuongBN,640,100,100,100,100,0,100,0,0,100,0,0,0,40,0,0,0,0,0,0,0,0,0,0,0,0,0,0,0,0
126,107,43173344SonPH,635,80,100,100,100,0,100,0,0,0,15,0,0,100,20,20,0,0,0,0,0,0,0,0,0,0,0,0,0,0
127,108,44155881KienVV,605,100,100,100,100,80,100,25,0,0,0,0,0,0,0,0,0,0,0,0,0,0,0,0,0,0,0,0,0,0
128,109,63170078HungTD,600,100,100,100,100,0,100,0,0,100,0,0,0,0,0,0,0,0,0,0,0,0,0,0,0,0,0,0,0,0
129,109,63170073HieuNT,600,100,100,100,100,0,100,0,0,100,0,0,0,0,0,0,0,0,0,0,0,0,0,0,0,0,0,0,0,0
130,109,63170056DucDM,600,100,100,100,100,0,100,0,0,0,100,0,0,0,0,0,0,0,0,0,0,0,0,0,0,0,0,0,0,0
131,109,08176762hoangnv,600,100,0,100,0,0,0,0,0,0,0,0,0,100,100,100,0,0,100,0,0,0,0,0,0,0,0,0,0,0
132,109,43150510CuongNN,600,0,100,100,100,100,100,0,0,100,0,0,0,0,0,0,0,0,0,0,0,0,0,0,0,0,0,0,0,0
133,109,74164707NgocBH,600,100,0,0,0,0,100,0,100,100,0,0,0,0,0,0,100,100,0,0,0,0,0,0,0,0,0,0,0,0
134,109,44153264TaiND,600,100,100,100,100,0,100,0,0,100,0,0,0,0,0,0,0,0,0,0,0,0,0,0,0,0,0,0,0,0
135,116,43141512HieuLV,585,60,100,100,100,100,25,0,0,100,0,0,0,0,0,0,0,0,0,0,0,0,0,0,0,0,0,0,0,0
136,117,08176722duclt,580,60,0,100,20,0,0,0,0,0,0,0,0,100,100,100,0,0,100,0,0,0,0,0,0,0,0,0,0,0
137,117,43166530ngocTT,580,80,100,100,100,0,0,0,0,100,0,0,0,100,0,0,0,0,0,0,0,0,0,0,0,0,0,0,0,0
138,119,74161712HoangPV,565,100,100,100,100,100,60,0,5,0,0,0,0,0,0,0,0,0,0,0,0,0,0,0,0,0,0,0,0,0
139,120,43151182HaiDV,560,60,100,100,100,0,0,0,0,100,0,0,0,100,0,0,0,0,0,0,0,0,0,0,0,0,0,0,0,0
140,121,tuanhleo101,555,100,100,100,100,0,100,0,55,0,0,0,0,0,0,0,0,0,0,0,0,0,0,0,0,0,0,0,0,0
141,121,43173444TuanBM,555,60,100,40,100,0,100,0,55,0,0,0,0,100,0,0,0,0,0,0,0,0,0,0,0,0,0,0,0,0
142,123,44183945LongLD,540,0,100,40,100,0,100,100,0,0,100,0,0,0,0,0,0,0,0,0,0,0,0,0,0,0,0,0,0,0
143,124,45183801MinhT,520,100,100,100,20,100,100,0,0,0,0,0,0,0,0,0,0,0,0,0,0,0,0,0,0,0,0,0,0,0
144,124,44152852PhuXV,520,100,100,0,20,100,100,0,0,100,0,0,0,0,0,0,0,0,0,0,0,0,0,0,0,0,0,0,0,0
145,126,43151676huynd_1,510,60,100,100,100,0,0,0,0,0,50,0,0,100,0,0,0,0,0,0,0,0,0,0,0,0,0,0,0,0
146,127,44184259HieuNK,505,100,100,100,100,100,0,0,0,0,0,0,0,0,0,0,0,5,0,0,0,0,0,0,0,0,0,0,0,0
147,128,74164810trongnd,500,100,100,0,100,0,0,0,0,0,0,0,0,0,0,0,0,0,0,0,0,0,0,0,0,0,0,100,100,0
148,128,08176792khangnm,500,100,0,0,0,0,0,0,0,0,0,0,0,100,100,100,0,0,100,0,0,0,0,0,0,0,0,0,0,0
149,128,74162644ManhLD,500,100,100,100,100,0,0,0,0,100,0,0,0,0,0,0,0,0,0,0,0,0,0,0,0,0,0,0,0,0
150,128,08176866thaind,500,100,0,0,0,0,0,0,0,0,0,0,0,100,100,100,0,0,100,0,0,0,0,0,0,0,0,0,0,0
151,128,08176783huyqq,500,60,0,0,0,0,0,0,0,0,0,0,0,100,80,100,0,0,100,60,0,0,0,0,0,0,0,0,0,0
152,128,44153517ThangNH,500,100,100,100,100,0,0,0,0,100,0,0,0,0,0,0,0,0,0,0,0,0,0,0,0,0,0,0,0,0
153,134,08176748hangtt,490,60,0,0,0,0,0,0,0,0,0,0,0,100,100,100,0,30,100,0,0,0,0,0,0,0,0,0,0,0
154,135,43154080TuanDV,480,80,100,100,100,100,0,0,0,0,0,0,0,0,0,0,0,0,0,0,0,0,0,0,0,0,0,0,0,0
155,136,44150255BaoVQ,470,100,70,100,100,100,0,0,0,0,0,0,0,0,0,0,0,0,0,0,0,0,0,0,0,0,0,0,0,0
156,137,08176901tungnt,460,60,0,0,0,0,0,0,0,0,0,0,0,100,100,100,0,0,100,0,0,0,0,0,0,0,0,0,0,0
157,137,43151188hailq_1,460,60,100,100,100,0,0,0,0,0,0,0,0,100,0,0,0,0,0,0,0,0,0,0,0,0,0,0,0,0
158,139,63170083KhanhTQ,440,100,100,100,100,0,0,0,40,0,0,0,0,0,0,0,0,0,0,0,0,0,0,0,0,0,0,0,0,0
159,140,08160625dinhnt,435,100,100,0,0,0,0,0,35,0,0,0,0,100,100,0,0,0,0,0,0,0,0,0,0,0,0,0,0,0
160,141,63170070HiepNT,425,100,100,20,100,0,100,0,5,0,0,0,0,0,0,0,0,0,0,0,0,0,0,0,0,0,0,0,0,0
161,142,08176772huedt.,420,0,0,0,0,0,0,0,0,0,0,0,20,100,100,100,0,0,100,0,0,0,0,0,0,0,0,0,0,0
162,143,45173126Hoannt,410,80,100,0,0,0,100,20,0,100,0,0,0,0,0,0,0,10,0,0,0,0,0,0,0,0,0,0,0,0
163,144,74161338HaoHQ,405,100,100,0,60,0,100,0,45,0,0,0,0,0,0,0,0,0,0,0,0,0,0,0,0,0,0,0,0,0
164,144,74161164GiangDL,405,100,100,100,20,80,5,0,0,0,0,0,0,0,0,0,0,0,0,0,0,0,0,0,0,0,0,0,0,0
165,146,63170089LinhNT,400,100,100,100,0,0,100,0,0,0,0,0,0,0,0,0,0,0,0,0,0,0,0,0,0,0,0,0,0,0
166,146,08176806longld,400,100,100,0,100,0,0,0,0,0,0,0,0,0,0,100,0,0,0,0,0,0,0,0,0,0,0,0,0,0
167,146,44183493DatLT,400,100,100,100,100,0,0,0,0,0,0,0,0,0,0,0,0,0,0,0,0,0,0,0,0,0,0,0,0,0
168,146,08176763hoangnx,400,100,0,0,0,0,0,0,0,0,0,0,0,100,100,100,0,0,0,0,0,0,0,0,0,0,0,0,0,0
169,146,08163255phuongtva,400,100,0,20,0,0,0,0,0,0,0,0,0,100,80,0,0,0,100,0,0,0,0,0,0,0,0,0,0,0
170,146,08176873thanhld,400,0,0,0,0,0,0,0,0,0,0,0,0,100,100,100,0,0,100,0,0,0,0,0,0,0,0,0,0,0
171,146,44153847ToanVD,400,100,100,0,100,0,100,0,0,0,0,0,0,0,0,0,0,0,0,0,0,0,0,0,0,0,0,0,0,0
172,153,45172938AnhLC,395,60,90,0,0,100,45,0,0,100,0,0,0,0,0,0,0,0,0,0,0,0,0,0,0,0,0,0,0,0
173,154,43150589DungPT,380,80,0,100,100,0,0,0,0,0,0,0,0,100,0,0,0,0,0,0,0,0,0,0,0,0,0,0,0,0
174,154,43152248LoanNTH,380,60,20,100,100,0,0,0,0,0,0,0,0,100,0,0,0,0,0,0,0,0,0,0,0,0,0,0,0,0
175,156,0819T011Daniel1,360,60,0,0,0,0,0,0,0,0,0,0,0,100,100,0,0,0,100,0,0,0,0,0,0,0,0,0,0,0
176,157,45152851PHUTV,345,100,100,0,0,0,45,0,0,100,0,0,0,0,0,0,0,0,0,0,0,0,0,0,0,0,0,0,0,0
177,158,08176860sonlt,340,0,0,0,0,0,0,0,0,0,0,0,40,100,100,0,0,0,100,0,0,0,0,0,0,0,0,0,0,0
178,159,63170065GiangNV,300,100,100,100,0,0,0,0,0,0,0,0,0,0,0,0,0,0,0,0,0,0,0,0,0,0,0,0,0,0
179,159,45164787LanPD,300,100,100,0,0,0,0,0,0,0,0,0,0,0,0,0,0,0,0,100,0,0,0,0,0,0,0,0,0,0
180,159,45166178HueDT1,300,80,20,0,0,0,100,0,0,100,0,0,0,0,0,0,0,0,0,0,0,0,0,0,0,0,0,0,0,0
181,159,44151369HieuTV1,300,100,100,0,0,0,0,0,0,100,0,0,0,0,0,0,0,0,0,0,0,0,0,0,0,0,0,0,0,0
182,163,74161728HoangVD,280,100,100,0,0,0,0,0,0,0,0,0,0,0,0,0,0,0,0,0,0,0,0,0,0,0,0,80,0,0
183,163,43151368HieuTM_1,280,60,100,100,20,0,0,0,0,0,0,0,0,0,0,0,0,0,0,0,0,0,0,0,0,0,0,0,0,0
184,165,44153747ThucPD,270,100,50,100,20,0,0,0,0,0,0,0,0,0,0,0,0,0,0,0,0,0,0,0,0,0,0,0,0,0
185,165,45140428ChienDD,270,80,100,0,0,0,0,0,0,0,0,0,0,0,0,0,0,0,0,0,90,0,0,0,0,0,0,0,0,0
186,167,08176881thongdm,260,60,0,0,0,0,0,0,0,0,0,0,0,100,0,100,0,0,0,0,0,0,0,0,0,0,0,0,0,0
187,168,74164803datvt1,255,100,0,0,0,100,55,0,0,0,0,0,0,0,0,0,0,0,0,0,0,0,0,0,0,0,0,0,0,0
188,169,74152732NguyenTL,250,100,100,0,0,0,0,0,0,0,0,0,0,0,0,0,0,0,0,0,0,0,0,0,0,0,0,0,50,0
189,170,63170075HieuTM,200,100,100,0,0,0,0,0,0,0,0,0,0,0,0,0,0,0,0,0,0,0,0,0,0,0,0,0,0,0
190,170,44152058KienNH,200,100,100,0,0,0,0,0,0,0,0,0,0,0,0,0,0,0,0,0,0,0,0,0,0,0,0,0,0,0
191,172,74161121DucNV1,170,100,70,0,0,0,0,0,0,0,0,0,0,0,0,0,0,0,0,0,0,0,0,0,0,0,0,0,0,0
192,173,08176794khanhcq,160,60,0,0,0,0,0,0,0,0,0,0,0,100,0,0,0,0,0,0,0,0,0,0,0,0,0,0,0,0
193,173,43164825VuongDX,160,60,100,0,0,0,0,0,0,0,0,0,0,0,0,0,0,0,0,0,0,0,0,0,0,0,0,0,0,0
194,173,45153997trungnxt,160,60,100,0,0,0,0,0,0,0,0,0,0,0,0,0,0,0,0,0,0,0,0,0,0,0,0,0,0,0
195,173,44173260MinhAQ,160,100,50,0,0,0,0,0,10,0,0,0,0,0,0,0,0,0,0,0,0,0,0,0,0,0,0,0,0,0
196,177,44173309phuongDT,150,100,0,0,0,0,0,0,0,0,50,0,0,0,0,0,0,0,0,0,0,0,0,0,0,0,0,0,0,0
197,178,44153299TamPN,140,60,80,0,0,0,0,0,0,0,0,0,0,0,0,0,0,0,0,0,0,0,0,0,0,0,0,0,0,0
198,179,dungkhmt,100,0,100,0,0,0,0,0,0,0,0,0,0,0,0,0,0,0,0,0,0,0,0,0,0,0,0,0,0,0
199,179,74163560SonNV,100,100,0,0,0,0,0,0,0,0,0,0,0,0,0,0,0,0,0,0,0,0,0,0,0,0,0,0,0,0
200,179,44173340SonTX,100,100,0,0,0,0,0,0,0,0,0,0,0,0,0,0,0,0,0,0,0,0,0,0,0,0,0,0,0,0
201,179,74164163TrangNT,100,100,0,0,0,0,0,0,0,0,0,0,0,0,0,0,0,0,0,0,0,0,0,0,0,0,0,0,0,0
202,179,74162111HyNT,100,100,0,0,0,0,0,0,0,0,0,0,0,0,0,0,0,0,0,0,0,0,0,0,0,0,0,0,0,0
203,179,44173458TungLD,100,100,0,0,0,0,0,0,0,0,0,0,0,0,0,0,0,0,0,0,0,0,0,0,0,0,0,0,0,0
204,179,45152133LamNT,100,60,0,20,20,0,0,0,0,0,0,0,0,0,0,0,0,0,0,0,0,0,0,0,0,0,0,0,0,0
205,179,08176846phuocnd,100,0,0,0,0,0,0,0,0,0,0,0,0,0,0,100,0,0,0,0,0,0,0,0,0,0,0,0,0,0
206,187,45173095HaiDB_,90,60,10,0,0,0,15,0,0,0,0,0,0,0,0,0,0,5,0,0,0,0,0,0,0,0,0,0,0,0
207,188,45166030HaNQ,80,80,0,0,0,0,0,0,0,0,0,0,0,0,0,0,0,0,0,0,0,0,0,0,0,0,0,0,0,0
208,189,44153353ThaiNQ,60,60,0,0,0,0,0,0,0,0,0,0,0,0,0,0,0,0,0,0,0,0,0,0,0,0,0,0,0,0
209,190,44153034QuanNH,30,0,0,0,20,0,0,0,10,0,0,0,0,0,0,0,0,0,0,0,0,0,0,0,0,0,0,0,0,0
210,191,45121268BaxPX,15,0,0,0,0,0,15,0,0,0,0,0,0,0,0,0,0,0,0,0,0,0,0,0,0,0,0,0,0,0
211,192,08176835nghiant,0,0,0,0,0,0,0,0,0,0,0,0,0,0,0,0,0,0,0,0,0,0,0,0,0,0,0,0,0,0
212,192,74163506SonDN,0,0,0,0,0,0,0,0,0,0,0,0,0,0,0,0,0,0,0,0,0,0,0,0,0,0,0,0,0,0
213,192,43152676NgocDM,0,0,0,0,0,0,0,0,0,0,0,0,0,0,0,0,0,0,0,0,0,0,0,0,0,0,0,0,0,0
214,192,74164813HieuNT,0,0,0,0,0,0,0,0,0,0,0,0,0,0,0,0,0,0,0,0,0,0,0,0,0,0,0,0,0,0
215,192,44153926TriNM,0,0,0,0,0,0,0,0,0,0,0,0,0,0,0,0,0,0,0,0,0,0,0,0,0,0,0,0,0,0
